{
  "hash": "c76761ca",
  "configHash": "f5defd11",
  "lockfileHash": "4dae8032",
  "browserHash": "967874f1",
  "optimized": {
    "@angular/common": {
      "src": "../../../../../../node_modules/@angular/common/fesm2022/common.mjs",
      "file": "@angular_common.js",
      "fileHash": "345ef1a0",
      "needsInterop": false
    },
    "@angular/core": {
      "src": "../../../../../../node_modules/@angular/core/fesm2022/core.mjs",
      "file": "@angular_core.js",
      "fileHash": "0b282a70",
      "needsInterop": false
    },
    "@angular/platform-browser": {
      "src": "../../../../../../node_modules/@angular/platform-browser/fesm2022/platform-browser.mjs",
      "file": "@angular_platform-browser.js",
      "fileHash": "0e8b8801",
      "needsInterop": false
    },
    "@angular/router": {
      "src": "../../../../../../node_modules/@angular/router/fesm2022/router.mjs",
      "file": "@angular_router.js",
      "fileHash": "6688ba54",
      "needsInterop": false
    },
    "zone.js": {
      "src": "../../../../../../node_modules/zone.js/fesm2015/zone.js",
      "file": "zone__js.js",
      "fileHash": "cf7f39ee",
      "needsInterop": true
    }
  },
  "chunks": {
    "chunk-3ZL7QA6L": {
      "file": "chunk-3ZL7QA6L.js"
    },
    "chunk-PPCEPQBL": {
      "file": "chunk-PPCEPQBL.js"
    },
    "chunk-WQ4PLUOO": {
      "file": "chunk-WQ4PLUOO.js"
    },
    "chunk-WDMUDEB6": {
      "file": "chunk-WDMUDEB6.js"
    }
  }
}